{
    "ModulID": "{71B93700-9659-97C6-AD83-984C2B44139F}",
    "ModuleName": "SymconJSLiveGauge",
    "Config": {
        "Variable": 24844,
        "min": 0,
        "max": 1000,
        "template": "CanvasGauges-Compass",
        "Debug": false,
        "EnableCache": true,
        "CreateOutput": true,
        "TemplateScriptID": 0,
        "EnableViewport": true,
        "IFrameHeight": 0,
        "title_text": "",
        "title_display": false,
        "title_fontSize": 20,
        "title_fontColor": 0,
        "title_fontFamily": "",
        "plate_display": true,
        "plate_unit": "",
        "plate_colorPlate": 15518595,
        "plate_colorPlate_Alpha": 0,
        "plate_colorPlateEnd": 15518600,
        "plate_colorPlateEnd_Alpha": 1,
        "needle_display": false,
        "needle_Type": "line",
        "needle_start": 0,
        "needle_end": 80,
        "needle_width": 2,
        "needle_colorNeedle": -1,
        "needle_colorNeedle_Alpha": 0,
        "needle_colorNeedleEnd": 16503934,
        "needle_colorNeedleEnd_Alpha": 1,
        "valuebox_display": true,
        "valuebox_fontSize": 14,
        "valuebox_colorValueBoxBackground": 0,
        "valuebox_colorValueBoxBackground_Alpha": 1,
        "valuebox_fontFamily": "",
        "progressbar_display": false,
        "progressbar_barWidth": 5,
        "progressbar_barShadow": 1,
        "progressbar_colorBar": 0,
        "progressbar_colorBar_Alpha": 1,
        "progressbar_colorBarProgress": 0,
        "progressbar_colorBarProgress_Alpha": 1,
        "ticks_fontFamily": "Roboto",
        "ticks_fontSize": 24,
        "ticks_strokeTicks": true,
        "ticks_highlightsWidth": 5,
        "ticks_minorTicks": 5,
        "ticks_colorMajorTick": 16222344,
        "ticks_colorMinorTicks": 16777215,
        "ticks_colorUnits": 16777215,
        "ticks_colorNumbers": 16777215,
        "animation_rule": "bounce",
        "animation_duration": 5000,
        "Ticks": "[]",
        "Highlights": "[]",
        "radial_startAngle": 60,
        "radial_ticksAngle": 270,
        "linear_tickSide": "both",
        "linear_numberSide": "both",
        "linear_needleSide": "both"
    }
}